year,extension,count
2022,png,1495
2021,png,353
2021,cs,1780
2022,cs,1601
2022,wav,16
2022,xml,404
2018,png,444
2019,png,288
2020,png,544
2020,db,1
2018,xml,128
2021,xml,437
2024,xml,55
2023,xml,211
2021,dll,171
2022,suo,44
2022,dll,174
2022,pdb,66
2022,cache,124
2021,cache,59
2022,ide,14
2021,pdb,23
2022,csproj,177
2025,cs,2
2024,cs,448
2021,suo,29
2020,xml,264
2024,png,206
2018,dll,12
2017,png,296
2021,ide,17
2018,suo,3
2020,suo,8
2020,ide,1
2019,dll,16
2019,xml,120
2021,txt,60
2020,dll,50
2021,md,246
2021,csproj,205
2021,bin,1903
2024,txt,20
2021,sqlite,1
2021,json,2088
2020,cs,1648
2019,cs,600
2018,cs,128
2021,sln,49
2021,gif,4
2021,gitignore,48
2022,txt,114
2023,txt,118
2023,md,385
2023,java,720
2023,class,400
2023,iml,1
2023,zip,14
2018,java,659
2021,pdf,141
2022,class,480
2020,java,387
2021,java,274
2024,md,161
2024,conf,1
2024,hpp,31
2024,cpp,28
2024,log,4
2023,cpp,96
2023,h,268
2023,hpp,18
2023,json,955
2023,log,2
2016,dll,9
2015,dll,28
2015,sln,13
2015,zip,6
2015,txt,10
2015,version,9
2015,cfg,15
2015,cs,3444
2015,csproj,27
2016,version,5
2016,cfg,1
2016,cs,93
2017,dll,4
2017,version,2
2017,cache,2
2017,txt,50
2021,version,7
2021,cfg,2
2016,csproj,9
2017,cs,81
2017,csproj,11
2019,csproj,59
2018,sln,5
2018,md,85
2018,gitattributes,1
2018,gitignore,18
2019,txt,30
2018,txt,41
2019,version,2
2018,cfg,1
2019,netkan,3
2019,gitattributes,1
2019,gitignore,14
2019,md,124
2018,csproj,18
2022,gitignore,38
2022,md,1312
2022,sln,32
2015,xib,1
2015,storyboard,1
2023,template,22
2023,png,411
2022,bar,1
2023,ogg,24
2023,ini,145
2022,ini,875
2022,ogg,29
2022,template,67
2022,unit,1
2023,aseprite,15
2022,aseprite,18
2022,gif,5
2022,ase,3
2022,rar,11
2022,dat,3
2023,wav,2
2022,zip,2
2023,unused,1
2019,sln,16
2016,gitignore,3
2016,md,29
2021,resx,80
2020,txt,70
2020,xcf,1
2020,md,307
2018,cache,9
2016,xml,12
2016,java,133
2016,sql,5
2016,properties,2
2013,htm,14
2013,jpeg,13
2013,css,11
2022,tmp,4
2020,jpeg,13
2020,gradle,49
2020,name,1
2020,properties,8
2020,kt,4
2020,jpg,201
2020,swift,338
2020,xcworkspacedata,8
2020,pbxproj,62
2020,plist,21
2016,storyboard,3
2016,swift,41
2016,pbxproj,8
2016,plist,5
2016,xcscheme,4
2016,xcbkptlist,1
2019,swift,67
2023,gfx,1
2023,lua,8
2020,xcuserstate,11
2020,xcbkptlist,3
2020,xcscheme,4
2020,json,4016
2018,cpp,79
2018,mk,3
2018,h,64
2018,c,2
2023,bac,1
2014,txt,3
2018,bib,2
2018,tex,32
2018,pdf,17
2019,xcworkspacedata,4
2019,pbxproj,12
2019,plist,8
2019,xcuserstate,22
2020,storyboard,59
2019,storyboard,11
2023,swift,6
2022,plist,16
2015,plist,2
2018,storyboard,1
2014,swift,3
2014,plist,2
2014,storyboard,2
2015,swift,4
2014,xib,1
2025,xml,1
2018,yml,254
2018,htm,1
2019,html,450
2018,html,174
2020,htm,5
2020,html,469
2022,lock,27
2022,json,392
2022,js,276
2022,tsx,90
2022,prisma,1
2022,ts,1316
2022,sql,128
2022,html,561
2022,css,400
2023,dll,74
2023,cs,917
2017,php,152
2016,php,115
2023,gitignore,29
2023,ts,1609
2022,lua,4
2023,dff,3
2009,dff,1
2022,bat,1
2019,properties,7
2021,js,382
2021,pbxproj,3
2021,swift,9
2017,md,57
2015,pbxproj,4
2015,xcscheme,1
2017,pbxproj,11
2017,swift,20
2017,xcbkptlist,4
2017,xcuserstate,1
2017,storyboard,1
2017,xcscheme,5
2017,plist,2
2018,swift,1
2021,mp4,2
2026,xml,5
2023,xcf,4
2022,cfg,12
2022,cmd,2
2023,csproj,104
2024,csproj,29
2024,dll,13
2020,csproj,206
2020,sln,23
2022,swift,16
2022,xcuserstate,2
2022,pbxproj,1
2020,pdb,15
2019,suo,11
2019,pdb,11
2020,cache,42
2019,py,69
2019,zip,3
2019,cache,5
2019,scss,12
2019,js,696
2019,json,2713
2019,lock,6
2020,js,564
2025,json,23
2019,svg,8
2022,editorconfig,1
2020,gitignore,14
2021,css,228
2021,html,635
2016,css,39
2016,jpg,391
2016,html,137
2016,py,5
2026,dll,8
2026,md,7
2026,lock,2
2026,gitignore,3
2026,cs,14
2026,csproj,4
2023,rake,1
2023,jpg,969
2023,rimignore,5
2023,lock,12
2023,erb,1
2023,dotsettings,1
2023,user,2
2024,ini,118
2014,wav,1
2010,wav,2
2012,wav,1
2024,html,236
2018,js,837
2018,json,4973
2018,css,100
2018,jpg,104
2018,ico,1
2018,jpeg,4
2017,jpg,91
2022,jpeg,14
2022,jpg,109
2018,vue,1
2020,vue,8
2018,mp4,1
2021,exe,11
2021,bat,1
2021,py,508
2021,svg,1
2021,vue,34
2021,pyc,1275
2021,jar,1
2020,h,117
2020,cpp,93
2020,a,5
2021,a,2
2020,jar,5
2024,json,346
2024,sln,12
2024,2,4
2024,sqlite,5
2024,props,11
2024,cache,31
2024,v2,7
2024,suo,3
2024,vsidx,13
2024,editorconfig,5
2024,pdb,7
2024,wsuo,2
2018,pbxproj,8
2021,xcuserstate,1
2018,xcuserstate,10
2024,xcuserstate,2
2018,xcworkspacedata,2
2021,gradle,20
2021,podspec,25
2021,swiftmodule,22
2021,swiftdoc,16
2021,swiftinterface,16
2021,swiftsourceinfo,22
2020,m,7
2020,podspec,27
2019,java,201
2019,gradle,19
2019,m,6
2019,h,137
2019,meta,1507
2019,playground,1
2019,xctimeline,1
2021,docx,3
2021,pptx,3
2021,jpg,303
2017,html,195
2022,yml,51
2022,java,305
2018,scss,13
2018,map,58
2024,css,79
2024,ts,839
2024,py,72
2024,sh,7
2023,css,298
2022,svg,26
2022,eot,1
2022,woff2,1
2022,woff,1
2022,ttf,1
2023,html,924
2020,xd,5
2020,xib,1
2020,gif,11
2022,webp,453
2015,jpg,69
2022,podspec,17
2024,podspec,11
2023,podspec,13
2025,md,11
2025,podspec,5
2024,plist,10
2025,plist,8
2026,plist,2
2026,podspec,1
2021,plist,9
2020,swiftdoc,2
2020,swiftmodule,4
2023,plist,11
2021,h,28
2022,h,24
2012,h,2
2016,h,6
2017,h,2
2015,h,6
2024,h,5
2019,modulemap,1
2025,h,2
2026,h,1
2018,m,7
2018,plist,3
2016,m,5
2020,mm,1
2018,podspec,1
2020,modulemap,1
2020,swiftinterface,2
2022,swiftdoc,15
2022,swiftinterface,15
2023,modulemap,1
2024,modulemap,1
2024,swiftdoc,3
2024,swiftinterface,3
2023,swiftdoc,3
2023,swiftinterface,3
2014,md,29
2014,h,5
2014,pbxproj,27
2015,xcworkspacedata,1
2014,m,5
2014,ai,1
2014,png,172
2014,gif,213
2017,m,5
2016,webarchive,2
2024,jsx,34
2014,css,101
2022,scss,24
2023,jpeg,65
2022,ico,3
2016,json,43
2016,js,148
2016,jade,4
2016,styl,12
2021,csv,30
2020,csv,96
2020,rmd,1
2020,r,31
2020,dcf,2
2020,pdf,16
2020,odt,1
2023,py,232
2021,go,13
2021,zip,7
2021,jsx,41
2023,tsx,26
2026,json,12
2013,md,7
2020,css,237
2017,js,540
2017,map,2
2017,json,19
2017,log,2
2017,474907153,1
2017,802612776,1
2022,m,13
2022,ino,2
2024,ino,2
2020,log,11
2020,svg,24
2023,m,4
2025,m,1
2022,gradle,3
2025,java,1
2024,error,1
2012,md,5
2012,sh,3
2021,m,258
2021,c,1
2021,so,1
2022,c,38
2022,sh,7
2015,css,77
2015,php,166
2015,md,29
2015,sql,3
2023,js,838
2020,unitypackage,10
2021,unitypackage,3
2022,unitypackage,4
2022,aspx,219
2022,master,46
2022,ascx,15
2022,asax,11
2021,tex,59
2021,bib,3
2020,tex,40
2021,bbl,1
2021,blg,1
2022,tex,1
2023,webp,108
2023,ico,4
2023,webm,2
2018,svg,3
2023,mp4,9
2023,php,87
2023,htaccess,2
2023,svg,14
2024,jpg,48
2024,jpeg,6
2021,config,38
2020,config,36
2020,asax,3
2020,cshtml,36
2021,cshtml,136
2020,resx,147
2017,sln,1
2023,config,45
2023,exe,2
2023,pdb,28
2023,cache,65
2023,meta,15
2021,msi,79
2022,resx,57
2022,config,129
2022,vdproj,1
2021,editorconfig,3
2021,vdproj,8
2020,vdproj,4
2020,settings,6
2021,xaml,61
2022,xaml,1
2021,datasource,1
2020,datasource,11
2022,msi,12
2021,doc,5
2023,editorconfig,5
2022,doc,3
2021,settings,1
2020,xaml,1
2018,resx,1
2023,resx,18
2021,snk,4
2020,msi,12
2020,testsettings,2
2020,vsmdi,1
2022,pdf,13
2020,manifest,1
2008,ico,1
2009,png,1
2011,png,15
2021,pfx,2
2009,ico,1
2021,manifest,2
2021,import,1
2020,doc,1
2020,import,1
2020,snk,2
2020,ico,2
2020,adapter,3
2020,bmp,1
2019,yml,8
2019,css,223
2019,pdf,16
2019,jpg,216
2020,woff2,1
2020,woff,1
2020,class,70
2023,env,5
2022,env,4
2023,jsx,48
2019,eslintrc,1
2019,map,25
2019,jsx,2
2022,py,80
2019,iml,6
2019,ids,3
2021,class,106
2019,sql,5
2019,jsp,17
2018,lock,12
2018,babelrc,5
2018,jsx,32
2018,less,1
2020,sql,16
2020,php,411
2020,psd,2
2020,docx,4
2018,ser,2
2018,gradle,13
2018,properties,26
2023,gif,7
2015,cpp,2
2021,mlapp,3
2024,js,241
2015,json,10
2015,html,51
2015,js,115
2015,xml,16
2018,vcxproj,2
2018,filters,1
2020,vcxproj,2
2020,filters,2
2020,dat,3
2019,config,21
2019,pl,12
2022,jsx,38
2019,php,297
2019,twig,14
2018,gif,19
2018,war,1
2021,xlsx,4
2020,xlsx,6
2020,xls,3
2020,pptx,3
2015,vcxproj,4
2015,gitignore,12
2015,filters,1
2014,cpp,1
2023,filters,21
2023,vcxproj,21
2015,rc,1
2023,qrc,1
2023,rc,26
2023,ui,1
2021,ico,3
2022,project,1
2024,java,21
2015,iml,2
2015,gradle,1
2015,properties,1
2014,gradle,12
2014,iml,16
2014,xml,173
2014,java,281
2014,properties,1
2014,jpg,28
2013,png,18
2013,xml,5
2015,java,22
2017,css,59
2021,vrmanifest,1
2021,asset,23
2021,meta,86
2021,obj,250
2021,log,21
2021,dwlt,4
2021,db,3
2021,buildreport,1
2021,mat,135
2021,unity,7
2021,prefab,5
2020,mat,6
2021,pref,1
2021,yaml,10
2021,shadergraph,1
2021,exp,1
2021,lib,1
2020,bin,1405
2021,backup,1
2020,stl,13
2014,html,127
2023,gd,1
2023,import,2
2023,tscn,1
2023,godot,1
2023,sln,8
2023,res,1
2023,cfg,2
2023,idsig,1
2021,lock,12
2020,svelte,60
2020,lock,6
2021,svelte,1
2020,ejs,66
2023,map,350
2023,scss,92
2021,map,2
2023,pbxproj,1
2015,svg,3
2015,jpeg,2
2015,woff,1
2015,ttf,1
2015,eot,1
2024,svg,69
2024,sass,4
2017,classpath,1
2017,project,1
2017,xml,12
2017,gitignore,4
2017,component,1
2017,java,109
2017,properties,2
2020,cfg,1
2020,py,263
2020,exe,1
2020,bat,1
2020,pyc,562
2020,egg,1
2019,pyc,10
2014,py,3
2015,py,1
2024,pyc,16
2018,py,184
2023,pyc,7
2018,chw,1
2015,pdf,31
2015,tex,103
2015,out,11
2015,png,56
2015,alt,1
2023,ipynb,2
2018,xcscheme,1
2017,gradle,10
2018,desktop,1
2017,xib,1
2016,xcworkspacedata,1
2022,form,40
2021,jpeg,6
2019,gif,9
2022,icloud,2
2022,properties,26
2022,jar,13
2021,properties,18
2021,yml,12
2016,project,1
2021,classpath,1
2019,class,1
2021,form,5
2023,vue,345
2023,mjs,209
2022,urdf,2
2018,ipynb,34
2018,pyc,7
2018,pickle,1
2018,npz,2
2018,npy,26
2023,rs,11
2022,rs,66
2022,toml,12
2016,wml,1
2015,ico,2
2018,php,68
2017,pdf,12
2015,mp3,1
2019,docx,6
2012,js,3
2014,js,10
2013,js,14
2015,docx,1
2016,docx,5
2016,pdf,8
2016,png,38
2016,gif,2
2015,gif,1
2015,wml,1
2017,docx,7
2018,wml,1
2017,mp3,1
2018,rb,40
2018,pub,1
2017,pug,1
2017,styl,5
2022,schdoc,1
2022,prjpcbstructure,1
2022,schlib,1
2022,outjob,1
2022,prjpcb,1
2022,xltx,1
2016,rmd,7
2024,map,36
2024,wasm,1
2024,mjs,7
2024,apk,2
2024,otf,3
2024,bin,5
2014,sqf,28
2015,sqf,7
2015,hpp,1
2015,ext,3
2015,sqm,1
2014,paa,4
2014,sqm,5
2014,ext,3
2014,hpp,1
2024,zip,6
2024,ipynb,5
2024,pdf,15
2016,swp,6
2016,swo,1
2016,class,7
2016,txt,11
2016,org,1
2012,gitignore,1
2024,class,70
2018,ino,1
2019,ino,13
2021,ino,4
2023,ino,2
2020,ini,3
2020,umap,2
2021,uasset,5
2021,umap,1
2020,uasset,41
2019,unitypackage,1
2017,r,11
2017,xlsx,1
2016,gz,2
2016,ts,61
2020,bak,1
2023,rad,34
2023,pts,1
2023,cal,2
2021,ps1,2
2023,jar,1
2016,r,9
2020,in,3
2020,c,21
2020,am,17
2020,inc,10
2020,ac,16
2020,gitmodules,1
2020,swp,1
2013,gitignore,1
2013,asset,1
2013,unity,1
2013,meta,25
2013,cs,72
2013,txt,3
2013,mat,3
2013,shader,1
2022,sol,42
2024,bib,1
2021,iml,22
2021,sql,27
2021,jsp,19
2018,log,3
2018,sql,3
2018,bak,3
2018,fxml,8
2018,class,16
2025,proto,1
2025,go,1
2025,mod,2
2025,sum,1
2018,form,29
2018,sh,3
2018,m4v,1
2018,lof,1
2018,zip,25
2018,aux,1
2023,yaml,6
2018,xlsx,1
2017,rmd,1
2021,name,3
2021,gz,5
2021,1,4
2019,ico,2
2005,gif,1
2021,7z,2
2020,ogg,2
2016,sln,1
2016,ogg,1
2024,yml,2
2023,aps,24
2023,lib,1
2023,c,116
2017,ini,3
2016,svg,9
2016,zip,3
2016,ini,6
2017,db,1
2016,db,9
2016,jpeg,1
2016,scss,1
2016,ico,1
2017,rtf,1
2016,rar,1
2017,zip,25
2016,rtf,2
2017,svg,1
2022,xcf,1
2023,properties,10
2023,rarp,1
2023,rar,2
2023,gz,8
2023,project,9
2023,classpath,3
2023,prefs,1
2023,sql,24
2022,index,17
2022,log,6
2022,resources,5
2022,snap,10
2022,launch,11
2022,xmi,5
2022,tree,3
2022,prefs,6
2022,location,1
2022,history,3
2022,markers,2
2022,iml,3
2019,jar,13
2018,jar,7
2017,jar,48
2017,mf,3
2017,rw5,21
2019,rw5,2
2017,csv,12
2019,log,3
2020,secret,4
2020,conf,5
2020,public,2
2020,peer,11
2023,1,1
2023,2,1
2023,save,2
2023,pdf,1
2023,sq,1
2023,woff2,9
2023,woff,9
2023,mo,3
2023,po,3
2019,asset,11
2019,psd,55
2019,unity,63
2019,prefab,542
2017,meta,85
2019,controller,51
2019,anim,58
2017,unity,15
2020,unity,6
2020,meta,6
2020,lighting,1
2017,prefab,24
2020,prefab,9
2019,mat,19
2020,asset,1
2018,meta,3
2019,url,1
2019,physicsmaterial2d,3
2019,wav,26
2018,prefab,1
2024,psd,1
2017,psd,1
2022,dart,3
2019,apk,1
2024,wat,1
2023,sol,20
2019,tsx,284
2019,ts,1023
2017,ts,1
2022,php,78
2022,vue,3
2021,php,17
2018,ts,351
2024,sol,163
2016,asax,1
2022,cshtml,469
2024,r,18
2020,ts,1306
2021,ts,1269
2022,sqlite,1
2022,vsidx,50
2022,user,9
2022,bin,3
2021,master,5
2021,aspx,47
2021,eps,171
2021,asv,25
2025,html,8
2025,jpg,2
2025,js,3
2025,css,6
2021,bmp,1
2021,rar,2
2024,scss,102
2023,sass,15
2019,vue,5
2019,ejs,31
2024,asax,3
2024,config,6
2023,asax,3
2024,master,12
2024,aspx,29
2023,master,19
2023,aspx,66
2017,master,8
2020,mp4,5
2020,server,1
2020,classpath,1
2020,project,2
2020,component,1
2020,prefs,2
2020,jsp,9
2014,php,4
2014,htm,6
2014,htaccess,1
2017,sql,1
2017,pptx,1
2022,mov,1
2021,jfif,1
2020,dart,66
2020,yaml,20
2019,glsl,2
2019,cpp,199
2019,vcxproj,4
2019,filters,4
2024,cshtml,172
2024,sql,12
2023,cshtml,105
2024,tsx,166
2024,webp,3
2024,gitignore,13
2024,tsbuildinfo,1
2019,aspx,36
2019,master,14
2019,asax,3
2023,sitemap,1
2023,bak,2
2020,sqlite3,2
2021,asax,7
2024,lock,3
2024,bat,6
2024,csv,6
2024,env,1
2022,bak,3
2019,jfif,1
2022,mdf,1
2024,user,1
2024,exe,1
2019,jpeg,3
2020,rst,5
2024,toml,9
2024,gitmodules,1
2024,mk,12
2024,a,7
2024,node,7
2024,gypi,2
2024,o,38
2024,d,36
2024,raw,1
2020,sh,4
2017,py,32
2022,example,1
2022,png1666287362png,1
2023,info,9
2023,props,4
2019,pptx,2
2019,ide,1
2019,dtbcache,1
2019,xcbkptlist,3
2019,exe,2
2019,rc2,1
2019,aps,1
2019,rc,1
2019,db,1
2019,ilk,1
2019,ipch,2
2019,res,1
2019,pch,1
2019,obj,3
2019,idb,1
2019,tlog,9
2019,lastbuildstate,1
2024,example,3
2024,php,53
2023,sh,7
2021,scss,94
2020,scss,71
2023,csv,15
2023,sqlite,3
2023,mwb,1
2023,pgsql,4
2022,pgsql,2
2018,rar,1
2020,editorconfig,1
2018,gz,184
2018,rst,15
2025,py,6
2026,py,8
2026,toml,1
2026,rst,1
2025,toml,4
2026,yml,1
2019,sh,3
2025,sh,3
2019,rst,1
2023,yml,5
2017,rst,4
2026,sh,2
2021,rst,4
2021,sh,2
2020,yml,1
2022,rst,1
2023,toml,4
2025,yml,1
2015,suo,14
2015,config,21
2015,sdf,7
2015,cshtml,12
2015,refresh,50
2021,stats,2
2021,npy,10
2021,ipynb,3
2026,ts,1
2025,ts,2
2025,txt,1
2019,hex,40
2019,elf,37
2019,dblite,20
2019,checksum,23
2019,ini,1
2018,hash,1
2018,rda,2
2018,r,37
2018,rd,13
2017,rda,1
2018,rds,1
2021,tscproj,1
2023,docx,1
2020,jsx,2
2019,rar,1
2020,eslintcache,15
2020,map,6
2020,tscproj,1
2019,01,2
2020,firebaserc,1
2019,mwb,1
2019,bak,1
2013,jpg,2
2017,jpeg,1
2019,bat,5
2020,rbuildignore,1
2019,cshtml,111
2014,cshtml,1
2014,asax,2
2022,sitemap,2
2018,aspx,13
2021,webp,1
2015,resx,4
2015,pdb,2
2015,exe,2
2015,resources,2
2015,cache,4
2017,rdata,1
2019,ascx,39
2016,cshtml,5
2021,ascx,2
2024,mwb,2
2025,ipynb,1
2021,env,2
2021,user,3
2014,cs,5179
2020,snap,2
2020,babelrc,1
2017,rar,3
2015,scss,12
2024,jsonl,17
2012,project,1
2012,component,1
2012,html,4
2019,mp3,1
2020,launch,14
2022,out,1
2021,out,5
2021,cpp,24
2020,hbs,2
2019,pro,2
2018,qrc,2
2021,qrc,1
2021,91f39af,1
2023,91f39af,1
2022,cpp,4
2020,qrc,1
2023,pro,2
2023,3c5403c,1
2022,pro,1
2019,d,14
2019,o,29
2019,workspace,1
2019,mk,1
2019,project,1
2024,svelte,6
2024,tsml,4
2014,ico,3
2012,png,1
2014,csproj,43
2014,gitignore,2
2014,sln,1
2016,rwa,3
2014,userprefs,3
2015,project,1
2015,cproject,1
2023,conf,2
2022,ipt,12
2022,iam,2
2023,slx,1
2023,ioc,10
2023,dot,99
2023,tex,47
2023,tmp,1
2022,stl,4
2022,ioc,8
2023,cproject,10
2023,mxproject,5
2022,cproject,6
2022,mxproject,2
2015,aspx,100
2015,vbproj,23
2015,master,23
2015,database,1
2015,dtproj,1
2015,dtsx,1
2015,vb,127
2015,xls,2
2015,xlsx,2
2015,ascx,11
2015,asax,3
2014,vb,4
2015,pubxml,4
2023,go,31
2023,sum,1
2023,mod,2
2022,mp3,1
2021,xib,1
2021,project,1
2021,aab,2
2021,xcscheme,2
2021,apk,3
2020,iml,1
2020,vtt,1
2020,mp3,1
2024,properties,1
2020,sqlite,1
2021,mov,1
2021,vtt,1
2020,ipynb,3
2024,po,23
2024,gitattributes,2
2024,pot,1
2024,xcf,9
2024,targets,1
2018,csv,5
2022,temp,1
2023,nix,2
2021,tmp,1
2024,htm,1
2021,ini,1
2023,prettierignore,1
2023,pkl,1
2023,index,2
2023,pb,3
2014,name,1
2016,aspx,3
2016,config,4
2016,master,2
2017,aspx,21
2012,asax,1
2017,config,9
2018,pdb,1
2018,master,7
2017,cmd,1
2018,config,8
2017,ashx,1
2017,pubxml,2
2018,pubxml,1
2018,cshtml,1
2023,edmx,1
2023,diagram,1
2023,ascx,2
2023,ssdl,1
2023,msl,1
2023,csdl,1
2023,suo,1
2023,ide,1
2019,firebaserc,1
2014,wdproj,2
2014,dll,1
2014,config,12
2014,aspx,210
2014,asmx,2
2014,ashx,6
2014,master,25
2014,licx,2
2009,gif,1
2014,pubxml,1
2014,ascx,62
2016,asp,1
2014,log,39
2014,db,2
2011,css,13
2011,db,4
2012,cs,3
2012,aspx,2
2012,master,1
2014,lic,1
2014,resx,58
2012,txt,1
2011,gif,87
2011,jpg,2
2014,bmp,1
2016,exe,5
2016,reg,5
2023,eslintcache,4
2023,pack,37
2023,old,5
2024,jar,1
2024,gz,1
2024,swp,1
2024,tped,1
2024,tfam,1
2026,classpath,1
2026,project,1
2026,java,2
2024,tsv,1
2024,vy,1
2022,loc,10
2013,cshtml,52
2013,sln,1
2013,config,8
2013,mdf,1
2013,ldf,1
2013,asax,1
2013,csproj,10
2012,exe,1
2014,project,2
2014,component,1
2013,html,1
2017,directory,1
2017,eps,4
2023,example,2
2015,map,10
2015,aux,1
2015,toc,1
2015,gz,1
2015,log,1
2018,enc,1
